{"metric1": 0.7217473774502308, "metric2": 0.6388180082703849, "metric3": 0.22693195944160804}