{"metric1": 0.9817600696760689, "metric2": 0.027198276037177838, "metric3": 0.6921812766062603}