{"metric1": 0.5055468104850062, "metric2": 0.24873556910485461, "metric3": 0.4149279364120674}