{"metric1": 0.6718124511732877, "metric2": 0.7930693046624134, "metric3": 0.5737693442830054}