{"metric1": 0.8307159967932736, "metric2": 0.39457542477615104, "metric3": 0.285155516921741}