{"metric1": 0.48404321537338557, "metric2": 0.2814708241051612, "metric3": 0.556075537064698}