{"metric1": 0.22999736973121854, "metric2": 0.4923743215594545, "metric3": 0.5640201886171053}