{"metric1": 0.125099557287619, "metric2": 0.5376068582444833, "metric3": 0.025689326106502874}