{"metric1": 0.8818671086996921, "metric2": 0.5492850218736569, "metric3": 0.022372897818236592}