{"metric1": 0.23591459745980448, "metric2": 0.10364378316089862, "metric3": 0.6235226105835519}